original_url,basename,roles,posts,attempts,reasons
https://mothrly.com/wp-content/uploads/2026/07/161.png,161.png,featured,postnatal-recovery-care-at-home-in-chennai-whats-included,9,bingimages: below minimum resolution (42x42)
https://mothrly.com/wp-content/uploads/2026/07/160.png,160.png,featured,baby-care-specialist-in-chennai-what-they-do-in-the-first-40-days,9,bingimages: below minimum resolution (42x42)
https://mothrly.com/wp-content/uploads/2026/07/159.png,159.png,featured,prenatal-and-postnatal-yoga-in-chennai-benefits-and-when-to-start,9,bingimages: below minimum resolution (42x42)
https://mothrly.com/wp-content/uploads/2026/07/158.png,158.png,featured,lactation-consultant-in-chennai-when-to-call-and-what-to-expect,9,bingimages: below minimum resolution (42x42)
https://mothrly.com/wp-content/uploads/2026/07/MOTHERLY-BLOG-IMAGE-11-1.png,motherly-blog-image-11-1.png,featured,doula-services-in-chennai-what-a-doula-does-for-new-mothers,9,
https://mothrly.com/wp-content/uploads/2026/06/156.png,156.png,featured,postnatal-recovery-timeline-chennai,9,bingimages: below minimum resolution (42x42)
https://mothrly.com/wp-content/uploads/2026/06/155.png,155.png,featured,choose-right-nanny-after-delivery-chennai,9,
https://mothrly.com/wp-content/uploads/2026/06/154.png,154.png,featured,postnatal-physiotherapy-vs-rest,9,bingimages: below minimum resolution (42x42)
https://mothrly.com/wp-content/uploads/2026/06/152.png,152.png,featured,postnatal-gynaecologist-visit-in-chennai,9,bingimages: too small (500 bytes) | bingimages: below minimum resolution (42x42)
https://mothrly.com/wp-content/uploads/2026/06/153.png,153.png,featured,baby-first-month-paediatrician-visit,9,bingimages: below minimum resolution (42x42)
https://mothrly.com/wp-content/uploads/2026/06/145.png,145.png,featured,nanny-services-in-chennai,9,bingimages: below minimum resolution (42x42)
https://mothrly.com/wp-content/uploads/2026/06/149.png,149.png,featured,mother-care-specialist-in-chennai,9,bingimages: below minimum resolution (42x42) | bingimages: too small (408 bytes)
https://mothrly.com/wp-content/uploads/2026/06/148.png,148.png,featured,postnatal-physiotherapy-in-chennai,9,bingimages: below minimum resolution (42x42)
https://mothrly.com/wp-content/uploads/2026/06/147.png,147.png,featured,pediatrician-consultation-in-chennai,9,bingimages: below minimum resolution (42x42)
https://mothrly.com/wp-content/uploads/2026/06/146.png,146.png,featured,gynaecology-consultation-in-chennai,9,bingimages: below minimum resolution (42x42)
https://mothrly.com/wp-content/uploads/2026/06/134.png,134.png,featured,yoga-as-medicine-for-mothers,9,bingimages: below minimum resolution (42x42)
https://mothrly.com/wp-content/uploads/2026/06/133.png,133.png,featured,anaemia-indian-women-crisis,9,bingimages: too small (232 bytes) | bingimages: below minimum resolution (42x42) | bingimages: too small (416 bytes)
https://mothrly.com/wp-content/uploads/2026/06/132.png,132.png,featured,mothers-gut-microbiome-shapes-baby-health,9,bingimages: below minimum resolution (42x42) | bingimages: too small (192 bytes)
https://mothrly.com/wp-content/uploads/2026/06/131.png,131.png,featured,indian-superfoods-for-mothers,9,bingimages: below minimum resolution (42x42)
https://mothrly.com/wp-content/uploads/2026/06/130.png,130.png,featured,what-ayurveda-gets-right-about-maternal-care,9,bingimages: below minimum resolution (42x42)
https://mothrly.com/wp-content/uploads/2026/06/129.png,129.png,featured,returning-to-work-after-maternity-leave,9,bingimages: below minimum resolution (42x42)
https://mothrly.com/wp-content/uploads/2026/06/128.png,128.png,featured,relationship-after-baby-what-helps,9,bingimages: below minimum resolution (42x42)
https://mothrly.com/wp-content/uploads/2026/06/127.png,127.png,featured,pelvic-floor-postpartum-recovery,9,bingimages: below minimum resolution (42x42)
https://mothrly.com/wp-content/uploads/2026/06/126-1.png,126-1.png,featured,matrescence-identity-transformation-motherhood,9,bingimages: below minimum resolution (42x42) | bingimages: too small (298 bytes)
https://mothrly.com/wp-content/uploads/2026/06/125.png,125.png,featured,fourth-trimester-maternal-mental-health-india,9,bingimages: below minimum resolution (42x42)
https://mothrly.com/wp-content/uploads/2026/06/124.png,124.png,featured,play-is-how-children-learn,9,bingimages: below minimum resolution (42x42)
https://mothrly.com/wp-content/uploads/2026/06/123.png,123.png,featured,iron-deficiency-toddlers-prevention,9,bingimages: below minimum resolution (42x42)
https://mothrly.com/wp-content/uploads/2026/06/119.png,119.png,featured,matrescence-the-word-that-changes-everything,9,bingimages: below minimum resolution (42x42)
https://mothrly.com/wp-content/uploads/2026/06/122.png,122.png,featured,first-three-years-build-the-brain,9,bingimages: below minimum resolution (42x42)
https://mothrly.com/wp-content/uploads/2026/06/118.png,118.png,featured,mom-guilt-where-it-comes-from-and-how-to-let-go,9,bingimages: below minimum resolution (42x42) | bingimages: too small (262 bytes)
https://mothrly.com/wp-content/uploads/2026/06/121.png,121.png,featured,toddler-sleep-what-you-have-been-told-is-wrong,9,bingimages: too small (400 bytes) | bingimages: below minimum resolution (42x42) | bingimages: too small (330 bytes)
https://mothrly.com/wp-content/uploads/2026/06/120.png,120.png,featured,toddler-picky-eating-what-is-normal,9,bingimages: too small (440 bytes) | bingimages: too small (468 bytes) | bingimages: below minimum resolution (42x42)
https://mothrly.com/wp-content/uploads/2026/06/117.png,117.png,featured,postpartum-psychosis-signs-every-family-must-know,9,bingimages: below minimum resolution (42x42) | bingimages: too small (432 bytes)
https://mothrly.com/wp-content/uploads/2026/06/116.png,116.png,featured,postpartum-ocd-intrusive-thoughts,9,bingimages: below minimum resolution (42x42)
https://mothrly.com/wp-content/uploads/2026/06/115.png,115.png,featured,postpartum-anxiety-more-common-than-ppd,9,bingimages: below minimum resolution (42x42)
https://mothrly.com/wp-content/uploads/2026/05/Creating-a-Birth-Plan-That-Works.png,creating-a-birth-plan-that-works.png,featured,birth-plan-that-works-india,9,bingimages: too small (462 bytes) | bingimages: below minimum resolution (42x42)
https://mothrly.com/wp-content/uploads/2026/05/Balancing-Work-and-Pregnancy.png,balancing-work-and-pregnancy.png,featured,working-through-pregnancy-honest-guide,9,bingimages: below minimum resolution (42x42)
https://mothrly.com/wp-content/uploads/2026/05/Prenatal-Supplements-What-Matters.png,prenatal-supplements-what-matters.png,featured,prenatal-supplements-what-you-actually-need,9,bingimages: below minimum resolution (42x42)
https://mothrly.com/wp-content/uploads/2026/05/Pregnancy-Skin-Changes-Explained-1.png,pregnancy-skin-changes-explained-1.png,featured,pregnancy-skin-complete-honest-guide,9,bingimages: below minimum resolution (42x42) | bingimages: too small (498 bytes)
https://mothrly.com/wp-content/uploads/2026/05/Better-Sleep-in-the-Third-Trimester-1.png,better-sleep-in-the-third-trimester-1.png,featured,sleep-third-trimester-what-actually-helps,9,bingimages: too small (462 bytes) | bingimages: too small (468 bytes) | bingimages: below minimum resolution (42x42)
https://mothrly.com/wp-content/uploads/2026/05/Preventing-Anaemia-During-Pregnancy.png,preventing-anaemia-during-pregnancy.png,featured,iron-deficiency-anaemia-pregnancy-india,9,bingimages: below minimum resolution (42x42)
https://mothrly.com/wp-content/uploads/2026/05/Embracing-Your-Pregnant-Body.png,embracing-your-pregnant-body.png,featured,pregnant-body-image-honest-guide,9,bingimages: below minimum resolution (42x42) | bingimages: too small (368 bytes)
https://mothrly.com/wp-content/uploads/2026/05/Understanding-Stillbirth-and-Loss.png,understanding-stillbirth-and-loss.png,featured,stillbirth-the-unspoken-loss,9,bingimages: below minimum resolution (42x42)
https://mothrly.com/wp-content/uploads/2026/05/Understanding-High-Risk-Pregnancy.png,understanding-high-risk-pregnancy.png,featured,high-risk-pregnancy-honest-guide,9,bingimages: below minimum resolution (42x42) | bingimages: too small (402 bytes)
https://mothrly.com/wp-content/uploads/2026/05/Pregnancy-Anxiety-Finding-Calm-During-Pregnancy.png,pregnancy-anxiety-finding-calm-during-pregnancy.png,featured,pregnancy-anxiety-honest-guide,9,bingimages: below minimum resolution (42x42)
https://mothrly.com/wp-content/uploads/2026/05/104.png,104.png,featured,egg-freezing-facts-india,9,bingimages: below minimum resolution (42x42)
https://mothrly.com/wp-content/uploads/2026/05/103.png,103.png,featured,trying-to-conceive-relationship-strain,9,bingimages: below minimum resolution (42x42) | bingimages: too small (450 bytes)
https://mothrly.com/wp-content/uploads/2026/05/102.png,102.png,featured,secondary-infertility-invisible-grief,9,bingimages: below minimum resolution (42x42)
https://mothrly.com/wp-content/uploads/2026/05/101.png,101.png,featured,fertility-diet-evidence-based,9,bingimages: below minimum resolution (42x42) | bingimages: too small (436 bytes)
https://mothrly.com/wp-content/uploads/2026/05/100.png,100.png,featured,recurrent-pregnancy-loss-causes-and-treatment,9,bingimages: below minimum resolution (42x42)
https://mothrly.com/wp-content/uploads/2026/05/99.png,99.png,featured,after-ivf-failure-what-happens-now,9,bingimages: below minimum resolution (42x42)
https://mothrly.com/wp-content/uploads/2026/05/98.png,98.png,featured,ivf-honest-guide-india,9,bingimages: below minimum resolution (42x42)
https://mothrly.com/wp-content/uploads/2026/05/97.png,97.png,featured,unexplained-infertility-what-tests-miss,9,bingimages: below minimum resolution (42x42)
https://mothrly.com/wp-content/uploads/2026/05/96.png,96.png,featured,ovulation-fertile-window-science,9,bingimages: below minimum resolution (42x42) | bingimages: too small (472 bytes)
https://mothrly.com/wp-content/uploads/2026/05/95.png,95.png,featured,trying-to-conceive-emotional-reality,9,bingimages: below minimum resolution (42x42) | bingimages: too small (290 bytes)
https://mothrly.com/wp-content/uploads/2026/05/Baby-Eating-First-Solid-Foods.png,baby-eating-first-solid-foods.png,featured,introduction-of-solids-first-foods,9,bingimages: below minimum resolution (42x42)
https://mothrly.com/wp-content/uploads/2026/05/Mother-and-Toddler-in-Gentle-Weaning.png,mother-and-toddler-in-gentle-weaning.png,featured,weaning-gentle-transition,9,bingimages: below minimum resolution (42x42)
https://mothrly.com/wp-content/uploads/2026/05/Breastfeeding-and-Brain-Development.png,breastfeeding-and-brain-development.png,featured,breastfeeding-and-the-brain,9,bingimages: below minimum resolution (42x42)
https://mothrly.com/wp-content/uploads/2026/05/Mother-Breastfeeding-Older-Baby.png,mother-breastfeeding-older-baby.png,featured,extended-breastfeeding-cultural-scientific-case,9,bingimages: below minimum resolution (42x42)
https://mothrly.com/wp-content/uploads/2026/05/Father-Bottle-Feeding-His-Baby.png,father-bottle-feeding-his-baby.png,featured,formula-feeding-is-not-failure,9,bingimages: below minimum resolution (42x42)
https://mothrly.com/wp-content/uploads/2026/05/Working-Mother-Pumping-at-Office.png,working-mother-pumping-at-office.png,featured,breastfeeding-and-returning-to-work,9,
https://mothrly.com/wp-content/uploads/2026/05/Newborn-Receiving-Colostrum.png,newborn-receiving-colostrum.png,featured,colostrum-first-vaccine,9,bingimages: below minimum resolution (42x42)
https://mothrly.com/wp-content/uploads/2026/05/Healthy-Breastfeeding-Meal.png,healthy-breastfeeding-meal.png,featured,what-a-breastfeeding-mother-eats,9,bingimages: below minimum resolution (42x42)
https://mothrly.com/wp-content/uploads/2026/05/Mother-Getting-Breastfeeding-Support.png,mother-getting-breastfeeding-support.png,featured,breastfeeding-challenges-honest-guide,9,bingimages: below minimum resolution (42x42)
https://mothrly.com/wp-content/uploads/2026/05/Mother-Breastfeeding-Her-Baby.png,mother-breastfeeding-her-baby.png,featured,breast-milk-most-complex-biological-substance,9,bingimages: below minimum resolution (42x42)
https://mothrly.com/wp-content/uploads/2026/05/Mother-Bonding-With-Her-Newborn.png,mother-bonding-with-her-newborn.png,featured,mother-baby-bond-science-and-sacred,9,bingimages: below minimum resolution (42x42)
https://mothrly.com/wp-content/uploads/2026/05/New-Mother-Coping-With-Postpartum-Depression.png,new-mother-coping-with-postpartum-depression.png,featured,postpartum-depression-is-biology,9,bingimages: below minimum resolution (42x42)
https://mothrly.com/wp-content/uploads/2026/05/Indian-Postpartum-Confinement.png,indian-postpartum-confinement.png,featured,indian-confinement-period-postpartum,9,bingimages: below minimum resolution (42x42)
https://mothrly.com/wp-content/uploads/2026/05/Safe-Sleep-Setup-for-Newborn.png,safe-sleep-setup-for-newborn.png,featured,newborn-safety-facts-every-parent-must-know,9,bingimages: below minimum resolution (42x42)
https://mothrly.com/wp-content/uploads/2026/05/Mother-Processing-a-Difficult-Birth.png,mother-processing-a-difficult-birth.png,featured,birth-trauma-is-real,9,bingimages: below minimum resolution (42x42)
https://mothrly.com/wp-content/uploads/2026/05/Premature-Baby-in-NICU-1.png,premature-baby-in-nicu-1.png,featured,nicu-when-baby-arrives-early,9,bingimages: below minimum resolution (42x42)
https://mothrly.com/wp-content/uploads/2026/05/Woman-Recovering-From-C-Section.png,woman-recovering-from-c-section.png,featured,caesarean-recovery-honest-guide,9,bingimages: below minimum resolution (42x42)
https://mothrly.com/wp-content/uploads/2026/05/Parents-With-Their-Newborn.png,parents-with-their-newborn.png,featured,newborn-care-first-days,9,bingimages: below minimum resolution (42x42)
https://mothrly.com/wp-content/uploads/2026/05/Mother-and-Newborn-Golden-Hour.png,mother-and-newborn-golden-hour.png,featured,golden-hour-after-birth,9,bingimages: below minimum resolution (42x42)
https://mothrly.com/wp-content/uploads/2026/05/Woman-in-Labour-at-the-Hospital.png,woman-in-labour-at-the-hospital.png,featured,labour-what-actually-happens,9,bingimages: below minimum resolution (42x42)
https://mothrly.com/wp-content/uploads/2026/05/Ayurvedic-Pregnancy-Care.png,ayurvedic-pregnancy-care.png,featured,ayurvedic-pregnancy-classical-approach,9,bingimages: below minimum resolution (42x42)
https://mothrly.com/wp-content/uploads/2026/05/Pregnant-Woman-Discussing-Birth-Plan.png,pregnant-woman-discussing-birth-plan.png,featured,safe-birth-is-a-right,9,bingimages: below minimum resolution (42x42) | bingimages: too small (486 bytes)
https://mothrly.com/wp-content/uploads/2026/05/Modern-Indian-Woman-Managing-Pregnancy.png,modern-indian-woman-managing-pregnancy.png,featured,why-pregnancy-is-harder-now,9,bingimages: below minimum resolution (42x42)
https://mothrly.com/wp-content/uploads/2026/05/Pregnant-Woman-Doing-Prenatal-Yoga.png,pregnant-woman-doing-prenatal-yoga.png,featured,exercise-during-pregnancy,9,bingimages: too small (430 bytes) | bingimages: below minimum resolution (42x42)
https://mothrly.com/wp-content/uploads/2026/05/Pregnant-Woman-Coping-With-Anxiety.png,pregnant-woman-coping-with-anxiety.png,featured,antenatal-anxiety-and-depression,9,bingimages: below minimum resolution (42x42)
https://mothrly.com/wp-content/uploads/2026/05/Third-Trimester-Birth-Preparation.png,third-trimester-birth-preparation.png,featured,third-trimester-preparation,9,bingimages: below minimum resolution (42x42)
https://mothrly.com/wp-content/uploads/2026/05/Gestational-Diabetes-Test.png,gestational-diabetes-test.png,featured,gestational-diabetes-rising-epidemic,9,bingimages: below minimum resolution (42x42)
https://mothrly.com/wp-content/uploads/2026/05/Second-Trimester-Visible-Baby-Bump.png,second-trimester-visible-baby-bump.png,featured,second-trimester-golden-period,9,bingimages: below minimum resolution (42x42)
https://mothrly.com/wp-content/uploads/2026/05/Healthy-Pregnancy-Plate.png,healthy-pregnancy-plate.png,featured,eating-for-two-is-wrong,9,bingimages: below minimum resolution (42x42)
https://mothrly.com/wp-content/uploads/2026/05/First-Trimester-Pregnancy-Care.png,first-trimester-pregnancy-care.png,featured,first-trimester-what-body-is-doing,9,bingimages: below minimum resolution (42x42)
https://mothrly.com/wp-content/uploads/2026/05/Woman-Reflecting-on-Motherhood.png,woman-reflecting-on-motherhood.png,featured,emotional-readiness-for-motherhood,9,bingimages: below minimum resolution (42x42)
https://mothrly.com/wp-content/uploads/2026/05/Couple-Discussing-Male-Fertility.png,couple-discussing-male-fertility.png,featured,male-fertility-overlooked-half,9,bingimages: below minimum resolution (42x42)
https://mothrly.com/wp-content/uploads/2026/05/Ayurvedic-Herbs-for-Fertility.png,ayurvedic-herbs-for-fertility.png,featured,ayurveda-pre-conception-manual,9,bingimages: below minimum resolution (42x42)
https://mothrly.com/wp-content/uploads/2026/05/Calm-Woman-Practising-Stress-Reduction.png,calm-woman-practising-stress-reduction.png,featured,stress-and-fertility,9,bingimages: below minimum resolution (42x42)
https://mothrly.com/wp-content/uploads/2026/05/Thyroid-Test-for-Fertility.png,thyroid-test-for-fertility.png,featured,thyroid-and-fertility,9,bingimages: below minimum resolution (42x42) | bingimages: too small (502 bytes)
https://mothrly.com/wp-content/uploads/2026/05/Career-Woman-Considering-Fertility.png,career-woman-considering-fertility.png,featured,eggs-ageing-career-woman-fertility,9,bingimages: too small (470 bytes) | bingimages: below minimum resolution (42x42)
https://mothrly.com/wp-content/uploads/2026/05/Indian-Woman-With-PCOS-Speaking-to-a-Doctor.png,indian-woman-with-pcos-speaking-to-a-doctor.png,featured,pcos-what-you-actually-need,9,
https://mothrly.com/wp-content/uploads/2026/05/Woman-Preparing-Her-Body-for-Pregnancy-1.png,woman-preparing-her-body-for-pregnancy-1.png,featured,six-months-pre-conception-preparation,9,bingimages: below minimum resolution (42x42)
https://mothrly.com/wp-content/uploads/2026/05/Couple-Supporting-Each-Other-After-Miscarriage.png,couple-supporting-each-other-after-miscarriage.png,featured,miscarriage-what-you-need-to-know,9,bingimages: below minimum resolution (42x42)
https://mothrly.com/wp-content/uploads/2026/05/Woman-in-Her-30s-Fertility-Journey.png,woman-in-her-30s-fertility-journey.png,featured,late-marriage-fertility-reality,9,bingimages: below minimum resolution (42x42)
https://mothrly.com/wp-content/uploads/2026/05/Young-Couple-With-Newborn-Purpose-of-Family.png,young-couple-with-newborn-purpose-of-family.png,featured,why-families-are-built,9,bingimages: below minimum resolution (42x42)
https://mothrly.com/wp-content/uploads/2026/05/Mother-Telling-Stories-to-Her-Child.png,mother-telling-stories-to-her-child.png,featured,stories-you-tell-your-child,9,bingimages: below minimum resolution (42x42)
https://mothrly.com/wp-content/uploads/2026/05/Family-Embrace-The-Real-Love.png,family-embrace-the-real-love.png,featured,what-love-in-a-family-actually-is,9,bingimages: below minimum resolution (42x42)
https://mothrly.com/wp-content/uploads/2026/05/Woman-as-the-Heart-of-the-Family.png,woman-as-the-heart-of-the-family.png,featured,woman-is-the-axis-of-the-family,9,bingimages: below minimum resolution (42x42)
https://mothrly.com/wp-content/uploads/2026/05/The-Cycle-of-Life-Generations.png,the-cycle-of-life-generations.png,featured,human-cycle-is-sacred,9,bingimages: below minimum resolution (42x42)
https://mothrly.com/wp-content/uploads/2026/05/Two-Indian-Siblings-Playing-Together.png,two-indian-siblings-playing-together.png,featured,the-love-between-siblings,9,bingimages: below minimum resolution (42x42)
https://mothrly.com/wp-content/uploads/2026/05/Father-Participating-in-Childcare.png,father-participating-in-childcare.png,featured,fathers-role-is-not-helping-it-is-participating,9,bingimages: below minimum resolution (42x42)
https://mothrly.com/wp-content/uploads/2026/05/Three-Generations-Family-Legacy.png,three-generations-family-legacy.png,featured,what-is-legacy-really-family-you-build,9,bingimages: too small (418 bytes) | bingimages: too small (424 bytes) | bingimages: below minimum resolution (42x42)
https://mothrly.com/wp-content/uploads/2026/05/Mother-and-Newborn-The-Transformation-1.png,mother-and-newborn-the-transformation-1.png,featured,what-a-child-actually-changes-about-you,9,bingimages: below minimum resolution (42x42) | bingimages: too small (260 bytes)
https://mothrly.com/wp-content/uploads/2026/05/Mother-as-the-Beginning-of-Civilisation.png,mother-as-the-beginning-of-civilisation.png,featured,why-every-mother-is-the-beginning-of-a-civilisation,9,bingimages: below minimum resolution (42x42)
https://mothrly.com/wp-content/uploads/2026/05/2-WHEELER.png,2-wheeler.png,featured,is-it-safe-to-travel-by-two-wheeler-during-pregnancy,9,bingimages: below minimum resolution (42x42)
https://mothrly.com/wp-content/uploads/2026/05/WhatsApp-Image-2026-05-04-at-6.47.52-PM.jpeg,whatsapp-image-2026-05-04-at-6.47.52-pm.jpeg,inline,is-it-safe-to-travel-by-two-wheeler-during-pregnancy,9,
https://mothrly.com/wp-content/uploads/2026/04/WhatsApp-Image-2026-04-28-at-1.33.57-PM-1.jpeg,whatsapp-image-2026-04-28-at-1.33.57-pm-1.jpeg,inline|featured,is-it-safe-to-travel-by-two-wheeler-during-pregnancy|is-folic-acid-enough-in-first-trimester|why-do-i-feel-so-cold-during-early-pregnancy|can-you-eat-methi-during-first-trimester|is-jeera-water-safe-to-drink-in-first-trimester|how-to-reduce-morning-sickness-naturally-at-home|can-stress-cause-miscarriage-in-first-trimester|is-brown-discharge-normal-in-early-pregnancy|how-to-confirm-pregnancy-at-home-without-a-kit|first-signs-of-pregnancy-in-indian-women|why-is-my-breast-milk-not-coming-causes-and-easy-solutions|what-to-drink-to-boost-breast-milk-production-at-home,9,
https://mothrly.com/wp-content/uploads/2026/05/WhatsApp-Image-2026-05-04-at-6.18.54-PM.jpeg,whatsapp-image-2026-05-04-at-6.18.54-pm.jpeg,inline|featured,is-it-safe-to-travel-by-two-wheeler-during-pregnancy|is-folic-acid-enough-in-first-trimester|why-do-i-feel-so-cold-during-early-pregnancy|can-you-eat-methi-during-first-trimester|is-jeera-water-safe-to-drink-in-first-trimester|how-to-reduce-morning-sickness-naturally-at-home|can-stress-cause-miscarriage-in-first-trimester|is-brown-discharge-normal-in-early-pregnancy|how-to-confirm-pregnancy-at-home-without-a-kit|first-signs-of-pregnancy-in-indian-women|why-is-my-breast-milk-not-coming-causes-and-easy-solutions,9,
https://mothrly.com/wp-content/uploads/2026/05/WhatsApp-Image-2026-05-04-at-6.16.44-PM.jpeg,whatsapp-image-2026-05-04-at-6.16.44-pm.jpeg,inline|featured,is-it-safe-to-travel-by-two-wheeler-during-pregnancy|why-do-i-feel-so-cold-during-early-pregnancy|can-you-eat-methi-during-first-trimester|is-jeera-water-safe-to-drink-in-first-trimester|how-to-reduce-morning-sickness-naturally-at-home|can-stress-cause-miscarriage-in-first-trimester|is-brown-discharge-normal-in-early-pregnancy|how-to-confirm-pregnancy-at-home-without-a-kit|first-signs-of-pregnancy-in-indian-women|why-is-my-breast-milk-not-coming-causes-and-easy-solutions,9,
https://blog.mothrly.com/wp-content/uploads/2026/05/WhatsApp-Image-2026-05-04-at-6.14.05-PM.jpeg,whatsapp-image-2026-05-04-at-6.14.05-pm.jpeg,featured|inline,can-you-eat-methi-during-first-trimester,9,
https://blog.mothrly.com/wp-content/uploads/2026/05/WhatsApp-Image-2026-05-04-at-6.11.59-PM.jpeg,whatsapp-image-2026-05-04-at-6.11.59-pm.jpeg,featured|inline,is-jeera-water-safe-to-drink-in-first-trimester,9,
https://blog.mothrly.com/wp-content/uploads/2026/05/WhatsApp-Image-2026-05-04-at-6.05.46-PM.jpeg,whatsapp-image-2026-05-04-at-6.05.46-pm.jpeg,featured|inline,how-to-reduce-morning-sickness-naturally-at-home,9,
https://blog.mothrly.com/wp-content/uploads/2026/05/WhatsApp-Image-2026-05-04-at-5.49.38-PM.jpeg,whatsapp-image-2026-05-04-at-5.49.38-pm.jpeg,featured|inline,can-stress-cause-miscarriage-in-first-trimester,9,
https://blog.mothrly.com/wp-content/uploads/2026/05/WhatsApp-Image-2026-05-04-at-5.42.45-PM.jpeg,whatsapp-image-2026-05-04-at-5.42.45-pm.jpeg,featured|inline,is-brown-discharge-normal-in-early-pregnancy,9,
https://blog.mothrly.com/wp-content/uploads/2026/05/WhatsApp-Image-2026-05-04-at-5.31.59-PM.jpeg,whatsapp-image-2026-05-04-at-5.31.59-pm.jpeg,featured|inline,how-to-confirm-pregnancy-at-home-without-a-kit,9,
https://blog.mothrly.com/wp-content/uploads/2026/05/WhatsApp-Image-2026-05-04-at-5.34.30-PM.jpeg,whatsapp-image-2026-05-04-at-5.34.30-pm.jpeg,featured|inline,first-signs-of-pregnancy-in-indian-women,9,
https://mothrly.com/wp-content/uploads/2026/05/WhatsApp-Image-2026-04-28-at-1.33.57-PM-1.jpeg,whatsapp-image-2026-04-28-at-1.33.57-pm-1.jpeg,inline,why-is-my-breast-milk-not-coming-causes-and-easy-solutions,9,
https://mothrly.com/wp-content/uploads/2026/04/WhatsApp-Image-2026-04-28-at-1.33.57-PM.jpeg,whatsapp-image-2026-04-28-at-1.33.57-pm.jpeg,featured|inline,why-is-it-so-hard-to-lose-weight-while-breastfeeding|what-to-drink-to-boost-breast-milk-production-at-home,9,
https://mothrly.com/wp-content/uploads/2026/04/WhatsApp-Image-2026-04-28-at-1.20.12-PM.jpeg,whatsapp-image-2026-04-28-at-1.20.12-pm.jpeg,inline|featured,why-is-it-so-hard-to-lose-weight-while-breastfeeding|when-do-you-lose-the-most-weight-while-breastfeeding|what-to-drink-to-boost-breast-milk-production-at-home,9,
https://mothrly.com/wp-content/uploads/2026/04/WhatsApp-Image-2026-04-28-at-1.15.16-PM.jpeg,whatsapp-image-2026-04-28-at-1.15.16-pm.jpeg,inline|featured,why-is-it-so-hard-to-lose-weight-while-breastfeeding|when-do-you-lose-the-most-weight-while-breastfeeding|what-to-drink-to-boost-breast-milk-production-at-home,9,
https://mothrly.com/wp-content/uploads/2026/04/WhatsApp-Image-2026-04-28-at-1.15.15-PM.jpeg,whatsapp-image-2026-04-28-at-1.15.15-pm.jpeg,inline|featured,when-do-you-lose-the-most-weight-while-breastfeeding|what-should-a-mother-avoid-eating-while-breastfeeding,9,
https://mothrly.com/wp-content/uploads/2026/04/WhatsApp-Image-2026-04-28-at-12.52.53-PM.jpeg,whatsapp-image-2026-04-28-at-12.52.53-pm.jpeg,inline|featured,what-should-a-mother-avoid-eating-while-breastfeeding|what-is-the-6-6-6-rule-for-breastfeeding-myth-vs-reality,9,
https://mothrly.com/wp-content/uploads/2026/04/WhatsApp-Image-2026-04-28-at-12.52.52-PM-1.jpeg,whatsapp-image-2026-04-28-at-12.52.52-pm-1.jpeg,inline|featured,what-should-a-mother-avoid-eating-while-breastfeeding|what-is-the-6-6-6-rule-for-breastfeeding-myth-vs-reality|what-is-the-4-4-4-rule-for-breastfeeding-a-simple-guide-for-moms,9,
https://mothrly.com/wp-content/uploads/2026/04/WhatsApp-Image-2026-04-28-at-12.52.52-PM.jpeg,whatsapp-image-2026-04-28-at-12.52.52-pm.jpeg,inline|featured,what-is-the-6-6-6-rule-for-breastfeeding-myth-vs-reality|what-is-the-4-4-4-rule-for-breastfeeding-a-simple-guide-for-moms|what-is-the-3-3-3-rule-for-breast-milk-everything-you-need-to-know,9,
https://mothrly.com/wp-content/uploads/2026/04/2-hours.jpeg,2-hours.jpeg,inline|featured,what-is-the-4-4-4-rule-for-breastfeeding-a-simple-guide-for-moms|what-is-the-3-3-3-rule-for-breast-milk-everything-you-need-to-know|does-feeding-every-2-hours-increase-milk-supply|foods-that-increase-breast-milk-vs-foods-you-should-avoid-a-complete-guide-for-indian-mothers|do-grapes-ginger-herbal-teas-affect-breast-milk|indian-foods-to-increase-breast-milk-supply|how-to-increase-breast-milk-naturally|how-to-increase-breast-milk-supply|vegetarian-pregnancy-diet-plan-all-9-months|weekly-pregnancy-diet-plan-for-indian-women|second-trimester-pregnancy-diet-plan|first-trimester-pregnancy-diet-plan|pregnancy-diet-plan|pineapple-in-pregnancy|how-to-hold-a-baby-when-breastfeeding|what-is-a-mother|newborn-sleep-patterns-what-to-expect-in-the-third-month|why-every-new-mother-may-need-a-lactation-consultant|10-essential-nutrition-tips-for-a-healthy-pregnancy|doula-vs-midwife-who-cares-for-you-and-your-baby,9,bingimages: below minimum resolution (42x42)
https://mothrly.com/wp-content/uploads/2026/04/JEERA-WATER.jpeg,jeera-water.jpeg,inline|featured,what-is-the-3-3-3-rule-for-breast-milk-everything-you-need-to-know|does-feeding-every-2-hours-increase-milk-supply|does-jeera-water-really-increase-breast-milk|foods-that-increase-breast-milk-vs-foods-you-should-avoid-a-complete-guide-for-indian-mothers|how-much-walking-is-safe-during-pregnancy|do-grapes-ginger-herbal-teas-affect-breast-milk|indian-foods-to-increase-breast-milk-supply|how-to-increase-breast-milk-naturally|how-to-increase-breast-milk-supply|vegetarian-pregnancy-diet-plan-all-9-months|weekly-pregnancy-diet-plan-for-indian-women|second-trimester-pregnancy-diet-plan|first-trimester-pregnancy-diet-plan|pregnancy-diet-plan|pineapple-in-pregnancy|how-to-hold-a-baby-when-breastfeeding|what-is-a-mother|newborn-sleep-patterns-what-to-expect-in-the-third-month|why-every-new-mother-may-need-a-lactation-consultant|10-essential-nutrition-tips-for-a-healthy-pregnancy|doula-vs-midwife-who-cares-for-you-and-your-baby,9,bingimages: below minimum resolution (42x42)
https://mothrly.com/wp-content/uploads/2026/04/POSTPARTUM-BELLY.jpeg,postpartum-belly.jpeg,inline|featured,does-feeding-every-2-hours-increase-milk-supply|does-postpartum-belly-go-away-a-realistic-recovery-guide-for-new-moms|foods-that-increase-breast-milk-vs-foods-you-should-avoid-a-complete-guide-for-indian-mothers|do-grapes-ginger-herbal-teas-affect-breast-milk|indian-foods-to-increase-breast-milk-supply|how-to-increase-breast-milk-naturally|how-to-increase-breast-milk-supply|vegetarian-pregnancy-diet-plan-all-9-months|weekly-pregnancy-diet-plan-for-indian-women|second-trimester-pregnancy-diet-plan|first-trimester-pregnancy-diet-plan|pregnancy-diet-plan|pineapple-in-pregnancy|how-to-hold-a-baby-when-breastfeeding|what-is-a-mother|newborn-sleep-patterns-what-to-expect-in-the-third-month|why-every-new-mother-may-need-a-lactation-consultant|10-essential-nutrition-tips-for-a-healthy-pregnancy|doula-vs-midwife-who-cares-for-you-and-your-baby,9,bingimages: below minimum resolution (42x42) | bingimages: too small (496 bytes)
https://mothrly.com/wp-content/uploads/2026/04/Motherly-Your-Birth-Companion.png,motherly-your-birth-companion.png,inline,does-jeera-water-really-increase-breast-milk|does-postpartum-belly-go-away-a-realistic-recovery-guide-for-new-moms|how-much-walking-is-safe-during-pregnancy,9,bingimages: below minimum resolution (42x42)
https://mothrly.com/wp-content/uploads/2026/04/FOODS.jpeg,foods.jpeg,featured|inline,foods-that-increase-breast-milk-vs-foods-you-should-avoid-a-complete-guide-for-indian-mothers,9,bingimages: below minimum resolution (42x42)
https://mothrly.com/wp-content/uploads/2026/04/HOW-MUCH-WALKING-IS-SAFE.jpeg,how-much-walking-is-safe.jpeg,featured|inline,how-much-walking-is-safe-during-pregnancy,9,bingimages: below minimum resolution (42x42)
https://mothrly.com/wp-content/uploads/2026/04/DO-grapes.jpeg,do-grapes.jpeg,featured,do-grapes-ginger-herbal-teas-affect-breast-milk,9,bingimages: below minimum resolution (42x42)
https://mothrly.com/wp-content/uploads/2026/04/WhatsApp-Image-2026-04-21-at-3.59.39-PM.jpeg,whatsapp-image-2026-04-21-at-3.59.39-pm.jpeg,inline,do-grapes-ginger-herbal-teas-affect-breast-milk|breastfeeding-rules-every-new-mom-should-know,9,
https://mothrly.com/wp-content/uploads/2026/04/Breastfeeding-rules.jpeg,breastfeeding-rules.jpeg,featured,breastfeeding-rules-every-new-mom-should-know,9,bingimages: below minimum resolution (42x42)
https://mothrly.com/wp-content/uploads/2026/04/WhatsApp-Image-2026-04-21-at-3.45.30-PM.jpeg,whatsapp-image-2026-04-21-at-3.45.30-pm.jpeg,inline,breastfeeding-rules-every-new-mom-should-know,9,
https://mothrly.com/wp-content/uploads/2026/04/WhatsApp-Image-2026-04-21-at-4.25.18-PM.jpeg,whatsapp-image-2026-04-21-at-4.25.18-pm.jpeg,inline|featured,breastfeeding-rules-every-new-mom-should-know|can-you-walk-10000-steps-during-pregnancy,9,
https://mothrly.com/wp-content/uploads/2026/04/best_indian_foods.jpeg,best_indian_foods.jpeg,inline|featured,breastfeeding-rules-every-new-mom-should-know|indian-foods-to-increase-breast-milk-supply|can-you-walk-10000-steps-during-pregnancy|5-signs-baby-getting-enough-breast-milk,9,bingimages: below minimum resolution (42x42)
https://mothrly.com/wp-content/uploads/2026/04/5signs.jpeg,5signs.jpeg,inline|featured,can-you-walk-10000-steps-during-pregnancy|5-signs-baby-getting-enough-breast-milk,9,bingimages: too small (502 bytes) | bingimages: below minimum resolution (42x42)
https://mothrly.com/wp-content/uploads/2026/04/WhatsApp-Image-2026-03-30-at-6.21.27-PM.jpeg,whatsapp-image-2026-03-30-at-6.21.27-pm.jpeg,inline|featured,5-signs-baby-getting-enough-breast-milk|postpartum-care-in-chennai-the-complete-guide-for-new-mothers|composition-of-breast-milk-understanding-what-human-milk-contains|how-to-increase-breast-milk-supplyafter-c-section-delivery|what-to-eat-to-increase-breast-milkthe-complete-food-guide-for-breastfeeding-mothers|what-to-drink-to-increase-breast-milkthe-complete-guide-for-breastfeeding-mothers|when-does-breast-milk-start-during-pregnancy|third-trimester-pregnancy-diet-plan,9,
https://mothrly.com/wp-content/uploads/2026/03/WhatsApp-Image-2026-03-30-at-6.28.27-PM.jpeg,whatsapp-image-2026-03-30-at-6.28.27-pm.jpeg,inline|featured,5-signs-baby-getting-enough-breast-milk|postpartum-care-in-chennai-the-complete-guide-for-new-mothers|composition-of-breast-milk-understanding-what-human-milk-contains|how-to-increase-breast-milk-supplyafter-c-section-delivery|what-to-eat-to-increase-breast-milkthe-complete-food-guide-for-breastfeeding-mothers|what-to-drink-to-increase-breast-milkthe-complete-guide-for-breastfeeding-mothers|when-does-breast-milk-start-during-pregnancy|third-trimester-pregnancy-diet-plan,9,
https://mothrly.com/wp-content/uploads/2026/03/WhatsApp-Image-2026-03-30-at-5.56.36-PM-1.jpeg,whatsapp-image-2026-03-30-at-5.56.36-pm-1.jpeg,inline|featured,postpartum-care-in-chennai-the-complete-guide-for-new-mothers|composition-of-breast-milk-understanding-what-human-milk-contains|how-to-increase-breast-milk-supplyafter-c-section-delivery|what-to-eat-to-increase-breast-milkthe-complete-food-guide-for-breastfeeding-mothers|what-to-drink-to-increase-breast-milkthe-complete-guide-for-breastfeeding-mothers|when-does-breast-milk-start-during-pregnancy|third-trimester-pregnancy-diet-plan,9,
https://mothrly.com/wp-content/uploads/2026/03/WhatsApp-Image-2026-03-23-at-4.48.39-PM.jpeg,whatsapp-image-2026-03-23-at-4.48.39-pm.jpeg,featured,what-to-eat-to-increase-breast-milkthe-complete-food-guide-for-breastfeeding-mothers,9,
https://mothrly.com/wp-content/uploads/2026/03/WhatsApp-Image-2026-03-23-at-4.33.35-PM.jpeg,whatsapp-image-2026-03-23-at-4.33.35-pm.jpeg,featured,what-to-drink-to-increase-breast-milkthe-complete-guide-for-breastfeeding-mothers,9,
https://mothrly.com/wp-content/uploads/2026/03/WhatsApp-Image-2026-03-23-at-4.33.33-PM.jpeg,whatsapp-image-2026-03-23-at-4.33.33-pm.jpeg,featured,when-does-breast-milk-start-during-pregnancy,9,
https://mothrly.com/wp-content/uploads/2026/03/WhatsApp-Image-2026-03-23-at-4.33.36-PM.jpeg,whatsapp-image-2026-03-23-at-4.33.36-pm.jpeg,featured,how-to-increase-breast-milk-naturally,9,
https://mothrly.com/wp-content/uploads/2026/03/WhatsApp-Image-2026-03-23-at-4.33.34-PM.jpeg,whatsapp-image-2026-03-23-at-4.33.34-pm.jpeg,featured,how-to-increase-breast-milk-supply,9,
https://mothrly.com/wp-content/uploads/2026/03/WhatsApp-Image-2026-03-13-at-5.21.01-PM.jpeg,whatsapp-image-2026-03-13-at-5.21.01-pm.jpeg,featured,vegetarian-pregnancy-diet-plan-all-9-months,9,
https://mothrly.com/wp-content/uploads/2026/03/WhatsApp-Image-2026-03-11-at-8.50.31-PM.jpeg,whatsapp-image-2026-03-11-at-8.50.31-pm.jpeg,featured,third-trimester-pregnancy-diet-plan,9,
https://mothrly.com/wp-content/uploads/2026/03/Blog-image-motherly-1.png,blog-image-motherly-1.png,featured,weekly-pregnancy-diet-plan-for-indian-women,9,bingimages: below minimum resolution (42x42)
https://mothrly.com/wp-content/uploads/2026/02/WhatsApp-Image-2026-03-11-at-8.09.29-PM.jpeg,whatsapp-image-2026-03-11-at-8.09.29-pm.jpeg,featured,second-trimester-pregnancy-diet-plan,9,
https://mothrly.com/wp-content/uploads/2026/02/first-trimester-1.png,first-trimester-1.png,featured,first-trimester-pregnancy-diet-plan,9,bingimages: too small (428 bytes) | bingimages: below minimum resolution (42x42)
https://mothrly.com/wp-content/uploads/2026/02/WhatsApp-Image-2026-03-11-at-8.21.29-PM.jpeg,whatsapp-image-2026-03-11-at-8.21.29-pm.jpeg,featured,pregnancy-diet-plan,9,
https://mothrly.com/wp-content/uploads/2026/02/PAPAYA-BLOG-IMG.png,papaya-blog-img.png,featured,papaya-during-pregnancy,9,bingimages: too small (468 bytes) | bingimages: below minimum resolution (42x42)
https://mothrly.com/wp-content/uploads/2026/01/PINEAPPLE-BLOG-IMG.png,pineapple-blog-img.png,featured,pineapple-in-pregnancy,9,bingimages: below minimum resolution (42x42) | bingimages: too small (468 bytes)
https://mothrly.com/wp-content/uploads/2025/11/How-To-Hold-A-Baby-When-Breastfeeding.jpg,how-to-hold-a-baby-when-breastfeeding.jpg,featured,how-to-hold-a-baby-when-breastfeeding,9,bingimages: below minimum resolution (42x42)
https://mothrly.com/wp-content/uploads/2025/10/What-Is-a-Mother.jpg,what-is-a-mother.jpg,featured,what-is-a-mother,9,bingimages: below minimum resolution (42x42)
https://mothrly.com/wp-content/uploads/2025/08/Newborn-Sleep-Patterns-What-to-Expect-in-the-third-Month.jpg,newborn-sleep-patterns-what-to-expect-in-the-third-month.jpg,featured,newborn-sleep-patterns-what-to-expect-in-the-third-month,9,
https://mothrly.com/wp-content/uploads/2025/08/The-Complete-Guide-Why-Every-New-Mother-May-Need-a-Lactation-Consultant.jpg,the-complete-guide-why-every-new-mother-may-need-a-lactation-consultant.jpg,featured,why-every-new-mother-may-need-a-lactation-consultant,9,
https://mothrly.com/wp-content/uploads/2025/08/10-Essential-Nutrition-Tips-for-a-Healthy-Pregnancy.jpg,10-essential-nutrition-tips-for-a-healthy-pregnancy.jpg,featured,10-essential-nutrition-tips-for-a-healthy-pregnancy,9,bingimages: below minimum resolution (42x42)
https://mothrly.com/wp-content/uploads/2025/07/Doula-vs-Midwife-Who-Cares-for-You-and-Your-Baby.jpg,doula-vs-midwife-who-cares-for-you-and-your-baby.jpg,featured,doula-vs-midwife-who-cares-for-you-and-your-baby,9,